#,¬øEn qu√© rango de edad te encuentras?,¬øCu√°ntas personas sois en vuestro hogar?,¬øEn qu√© provincia vives? Vamos a conocernos un poco mejor üòÑ,¬øDe cu√°l de estos temas te interesar√≠a saber m√°s?,¬øCu√°nto duran tus duchas?,¬øCu√°ntas veces pones la lavadora a la semana?,¬øCu√°ntas veces pones el lavavajillas?,¬øSueles poner el modo *ECO *en tus electrodom√©sticos?,¬øReciclas agua para usarlo en otras tareas?,"¬ø*Reciclas *vidrio, cart√≥n y pl√°stico?",¬øCada cu√°nto consumes *carne*?,¬øCu√°ntos km haces a la semana en coche?,¬øCu√°nto gastas al mes en comida para gato/perro?,¬øCu√°ntos metros cuadrados tiene tu jard√≠n?,¬øSabes cu√°nto dinero gastas en tu consumo de agua al mes?,Start Date (UTC),Submit Date (UTC),Network ID,Tags
x0z7dharxz61aofacpx0z7dhgqjszw93,Entre 36 y 65 a√±os,4,Segovia,Ahorrar dinero,Entre 5 y 10 minutos,Entre 3 y 5 veces,Friego a mano,Siempre,Buena idea! Voy a probarlo!,Siempre,1 vez al d√≠a,Menos de 100 km,No tengo mascota,0,Entre 10‚Ç¨ y 40 ‚Ç¨,2023-05-16 14:35:36,2023-05-16 14:37:16,a6b37a6b62,
8z1t2aewlr3x6188z1t5h64yw16duesv,Entre 36 y 65 a√±os,2,Madrid,Ahorrar agua,Entre 5 y 10 minutos,Menos de 3 veces,1 vez al d√≠a,A veces,Si,Siempre,1 vez cada 3 d√≠as,M√°s de 200 km,No tengo mascota,0,Menos de 10 ‚Ç¨,2023-05-16 14:34:03,2023-05-16 14:37:11,af85eeabbe,
hm432anlwlutkxpsgphmig6nme8hxp5w,Entre 36 y 65 a√±os,1,Segovia,Ayudar al ecosistema,Entre 5 y 10 minutos,Menos de 3 veces,Friego a mano,Siempre,No,A veces,1 vez cada 3 d√≠as,Menos de 100 km,No tengo mascota,0,Entre 10‚Ç¨ y 40 ‚Ç¨,2023-05-16 14:31:14,2023-05-16 14:33:11,766275a4b0,
t7zhnylatjxj7tnqt7zhnpfv0w11wf9m,Entre 36 y 65 a√±os,2,Madrid,Ayudar al ecosistema,Entre 5 y 10 minutos,Entre 3 y 5 veces,Entre 3 y 5 a la semana,A veces,No,A veces,1 vez al d√≠a,No uso coche,No tengo mascota,,Entre 10‚Ç¨ y 40 ‚Ç¨,2023-05-16 14:30:49,2023-05-16 14:32:48,913c34b0dc,
2vb7hl524xvek2vb7fxggcgsb6xa5o3o,Entre 36 y 65 a√±os,2,Madrid,Ayudar al ecosistema,M√°s de 15 minutos,Entre 3 y 5 veces,Friego a mano,A veces,Buena idea! Voy a probarlo!,A veces,1 vez cada 3 d√≠as,No uso coche,Menos de 50 ‚Ç¨,0,Menos de 10 ‚Ç¨,2023-05-16 14:27:57,2023-05-16 14:30:33,e8a8a1b223,
ovs0yqhpf2difovspvlce6olq6zlpg7a,Entre 36 y 65 a√±os,3,Segovia,Ayudar al ecosistema,Entre 5 y 10 minutos,Entre 3 y 5 veces,Friego a mano,No sab√≠a que exist√≠a ese modo,No,Siempre,1 vez al d√≠a,No uso coche,No tengo mascota,0,Ni idea!,2023-05-16 14:28:01,2023-05-16 14:30:28,a6f54331d3,
3zgc1j4x1agq2vj3jdeetsn73zgc1ic5,Mayor de 65 a√±os,2,Madrid,Ahorrar agua,Menos de 5 minutos,Menos de 3 veces,1 vez al d√≠a,Siempre,Buena idea! Voy a probarlo!,A veces,1 vez cada 3 d√≠as,Menos de 100 km,Menos de 50 ‚Ç¨,No tengo,Entre 10‚Ç¨ y 40 ‚Ç¨,2023-05-16 14:25:15,2023-05-16 14:28:38,5f1158d150,
9iqqfi01eb3pptsmrb267m9iqqfynuu0,Entre 36 y 65 a√±os,3,Madrid,Ahorrar agua,Menos de 5 minutos,Menos de 3 veces,Entre 3 y 5 a la semana,A veces,Si,Siempre,1 vez al d√≠a,100 - 200 km,No tengo mascota,,Entre 10‚Ç¨ y 40 ‚Ç¨,2023-05-16 14:25:06,2023-05-16 14:28:17,1dfe1f1075,
zkclhncya8qbydix7c4wzkclhn97v0tg,Entre 36 y 65 a√±os,4,Madrid,Ayudar al ecosistema,Menos de 5 minutos,M√°s de 5,Entre 3 y 5 a la semana,Siempre,No,Siempre,1 vez al d√≠a,100 - 200 km,No tengo mascota,0,Entre 10‚Ç¨ y 40 ‚Ç¨,2023-05-16 14:26:00,2023-05-16 14:28:01,77e9be4526,
9g2n0ott56z2mlav8bs9g2n0f5idigym,Entre 18 y 35 a√±os,4,Ciudad Real,Ayudar al ecosistema,Entre 11 y 15 minutos,Menos de 3 veces,Entre 3 y 5 a la semana,A veces,Buena idea! Voy a probarlo!,Siempre,1 vez al d√≠a,No uso coche,No tengo mascota,90,Entre 10‚Ç¨ y 40 ‚Ç¨,2023-05-16 14:26:27,2023-05-16 14:27:57,1681eb52bb,
0o18cg5s0ws9hbufsy0o18cgf0y6rtjo,Entre 36 y 65 a√±os,4,Madrid,Ahorrar agua,Menos de 5 minutos,Entre 3 y 5 veces,Entre 3 y 5 a la semana,Siempre,Si,Siempre,1 vez cada 3 d√≠as,M√°s de 200 km,Entre 50 y 100 ‚Ç¨,1000,M√°s de 40 ‚Ç¨,2023-05-16 14:25:13,2023-05-16 14:27:20,f7d5db3b2d,
jzvcddgqaqp6tnru1yz2jzvcddj9pytk,Entre 18 y 35 a√±os,3,Madrid,Ahorrar dinero,Menos de 5 minutos,Entre 3 y 5 veces,Friego a mano,No sab√≠a que exist√≠a ese modo,Si,Siempre,1 vez al d√≠a,Menos de 100 km,Menos de 50 ‚Ç¨,0,Entre 10‚Ç¨ y 40 ‚Ç¨,2023-05-16 14:24:49,2023-05-16 14:27:02,e90aa9cb1a,
z9gb2kxm9xekqgyicokz9gb2kxrb2b4h,Entre 36 y 65 a√±os,4,Madrid,Ayudar al ecosistema,Entre 5 y 10 minutos,Menos de 3 veces,Entre 3 y 5 a la semana,A veces,Si,Siempre,1 vez a la semana,100 - 200 km,No tengo mascota,0,Entre 10‚Ç¨ y 40 ‚Ç¨,2023-05-16 14:07:29,2023-05-16 14:26:51,cc658bb5f1,
aqa8dxuxzbtlsck7eaqa8r1244v0j06x,Entre 18 y 35 a√±os,2,Madrid,Ahorrar dinero,Entre 5 y 10 minutos,Menos de 3 veces,Friego a mano,Siempre,Si,A veces,1 vez al d√≠a,No uso coche,Menos de 50 ‚Ç¨,0,Menos de 10 ‚Ç¨,2023-05-16 14:21:54,2023-05-16 14:22:56,f48ee9e36f,
4i0c3ztiwyb6jj1l4i0zvjucts2vxsui,Entre 18 y 35 a√±os,3,Madrid,Ahorrar agua,Entre 11 y 15 minutos,Menos de 3 veces,Entre 3 y 5 a la semana,A veces,No,Siempre,1 vez al d√≠a,No uso coche,No tengo mascota,0,Entre 10‚Ç¨ y 40 ‚Ç¨,2023-05-16 14:20:50,2023-05-16 14:22:47,d742b8abf5,
9mhpzoxh9ig6rwy9mhp99b69ei495872,Entre 18 y 35 a√±os,3,Madrid,Conocer mi huella h√≠drica,Entre 5 y 10 minutos,Menos de 3 veces,Friego a mano,No sab√≠a que exist√≠a ese modo,No,Siempre,Nunca!,No uso coche,Menos de 50 ‚Ç¨,0,Entre 10‚Ç¨ y 40 ‚Ç¨,2023-05-16 14:20:56,2023-05-16 14:22:06,5db62c7520,
32gjgtg5pn8v8m032gjvhkc7gf4ugnzr,Entre 18 y 35 a√±os,3,Valencia,Ahorrar dinero,Entre 5 y 10 minutos,Menos de 3 veces,Friego a mano,No sab√≠a que exist√≠a ese modo,Buena idea! Voy a probarlo!,A veces,1 vez a la semana,No uso coche,No tengo mascota,0,Entre 10‚Ç¨ y 40 ‚Ç¨,2023-05-16 14:20:06,2023-05-16 14:21:56,f7c868d46c,
44k1ssm7w3x0xrvu144k1y6k1umuxk05,Entre 36 y 65 a√±os,1,Madrid,Ahorrar dinero,Entre 5 y 10 minutos,Menos de 3 veces,Entre 3 y 5 a la semana,Siempre,No,A veces,1 vez al d√≠a,100 - 200 km,Menos de 50 ‚Ç¨,0,Entre 10‚Ç¨ y 40 ‚Ç¨,2023-05-16 14:19:13,2023-05-16 14:21:00,747682a155,
5mxaf1znpfxnnw293h5mxaf1nhw284kj,Entre 36 y 65 a√±os,2,Barcelona,Ayudar al ecosistema,Menos de 5 minutos,Entre 3 y 5 veces,Entre 3 y 5 a la semana,Siempre,No,Siempre,1 vez cada 3 d√≠as,100 - 200 km,No tengo mascota,0,Entre 10‚Ç¨ y 40 ‚Ç¨,2023-05-16 14:18:23,2023-05-16 14:20:49,ad3854eaba,
oi5sb7w8g7yj9ukvg0ooi5sb73x4kjzh,Entre 36 y 65 a√±os,2,Madrid,Ayudar al ecosistema,Entre 5 y 10 minutos,Menos de 3 veces,1 vez al d√≠a,Siempre,No,Siempre,1 vez cada 3 d√≠as,Menos de 100 km,No tengo mascota,0,Entre 10‚Ç¨ y 40 ‚Ç¨,2023-05-16 14:18:00,2023-05-16 14:20:06,670d6c4cb6,
pt5a528jpdvh2l0jhqpt5a5cebglzl20,Entre 18 y 35 a√±os,4,Madrid,Ayudar al ecosistema,Entre 11 y 15 minutos,Menos de 3 veces,Entre 3 y 5 a la semana,Siempre,Si,Siempre,Nunca!,No uso coche,Entre 50 y 100 ‚Ç¨,0,Ni idea!,2023-05-16 14:18:12,2023-05-16 14:20:03,29a3071db0,
2408locs2vcij2403pf01m6hmglszt5o,Entre 36 y 65 a√±os,5,Madrid,Ahorrar dinero,Entre 11 y 15 minutos,M√°s de 5,1 vez al d√≠a,Siempre,No,A veces,1 vez al d√≠a,No uso coche,Menos de 50 ‚Ç¨,0,M√°s de 40 ‚Ç¨,2023-05-16 14:17:32,2023-05-16 14:19:37,e648379f08,
mok114xid7afbmo4p1fzym60o8p8ozo4,Entre 36 y 65 a√±os,1,Madrid,Ahorrar agua,Menos de 5 minutos,Menos de 3 veces,Entre 3 y 5 a la semana,Siempre,Si,Siempre,Nunca!,No uso coche,No tengo mascota,0,Entre 10‚Ç¨ y 40 ‚Ç¨,2023-05-16 14:17:33,2023-05-16 14:19:18,9afe7f9872,
653r91l9okwusp94653r93cu1k0ee8zx,Entre 18 y 35 a√±os,2,Segovia,Ahorrar dinero,Entre 5 y 10 minutos,Menos de 3 veces,1 vez al d√≠a,No sab√≠a que exist√≠a ese modo,No,A veces,1 vez al d√≠a,Menos de 100 km,No tengo mascota,,Entre 10‚Ç¨ y 40 ‚Ç¨,2023-05-16 14:17:49,2023-05-16 14:18:57,7ce91d015a,
6wsl2a49q4cyl6wslgr1l4v4eirtkpfw,Entre 36 y 65 a√±os,3,Madrid,Ayudar al ecosistema,Entre 5 y 10 minutos,Menos de 3 veces,Entre 3 y 5 a la semana,Siempre,Si,Siempre,1 vez cada 3 d√≠as,No uso coche,No tengo mascota,0,Entre 10‚Ç¨ y 40 ‚Ç¨,2023-05-16 14:15:32,2023-05-16 14:18:28,533596f537,
bc75k489eis2pb7dabc75r8nn2ayvgt5,Entre 18 y 35 a√±os,2,Segovia,Ayudar al ecosistema,Entre 5 y 10 minutos,Menos de 3 veces,Entre 3 y 5 a la semana,Siempre,Si,A veces,1 vez al d√≠a,Menos de 100 km,Menos de 50 ‚Ç¨,0,Menos de 10 ‚Ç¨,2023-05-16 14:16:33,2023-05-16 14:18:22,cc53cc8e92,
x2mnak4y226dxmwpb1cx2mnakaj6gpc2,Entre 36 y 65 a√±os,4,Toledo,Ahorrar agua,Entre 5 y 10 minutos,Entre 3 y 5 veces,Entre 3 y 5 a la semana,Siempre,Buena idea! Voy a probarlo!,Siempre,1 vez al d√≠a,100 - 200 km,Menos de 50 ‚Ç¨,0,Menos de 10 ‚Ç¨,2023-05-16 14:14:25,2023-05-16 14:18:20,807ac24f23,
uyrmt8y1gcaukjmyag82uyrmt3ttzcxt,Entre 36 y 65 a√±os,3,Madrid,Ahorrar agua,Entre 5 y 10 minutos,Entre 3 y 5 veces,Friego a mano,Siempre,Buena idea! Voy a probarlo!,Siempre,1 vez cada 3 d√≠as,Menos de 100 km,No tengo mascota,0,Entre 10‚Ç¨ y 40 ‚Ç¨,2023-05-16 14:15:53,2023-05-16 14:17:49,2f48bd5d6e,
06xotapdys3gedcf06dkh06xotapdp24,Entre 36 y 65 a√±os,3,Toledo,Ayudar al ecosistema,Entre 5 y 10 minutos,Entre 3 y 5 veces,Entre 3 y 5 a la semana,A veces,No,A veces,1 vez cada 3 d√≠as,100 - 200 km,No tengo mascota,40,Entre 10‚Ç¨ y 40 ‚Ç¨,2023-05-16 14:15:09,2023-05-16 14:17:33,383a90621b,
ccgtndz0tythsqum45vccgtnd4j2xyzp,Entre 36 y 65 a√±os,2,Segovia,Ayudar al ecosistema,Menos de 5 minutos,Menos de 3 veces,Entre 3 y 5 a la semana,Siempre,Si,Siempre,1 vez al d√≠a,M√°s de 200 km,No tengo mascota,200,Menos de 10 ‚Ç¨,2023-05-16 14:14:59,2023-05-16 14:17:16,7eef851810,
c7g5g35dx07ntqnk8aj3xc7g5g804tcv,Entre 36 y 65 a√±os,2,Madrid,Ayudar al ecosistema,Menos de 5 minutos,Entre 3 y 5 veces,Entre 3 y 5 a la semana,Siempre,No,A veces,1 vez cada 3 d√≠as,Menos de 100 km,No tengo mascota,30,Entre 10‚Ç¨ y 40 ‚Ç¨,2023-05-16 14:14:47,2023-05-16 14:16:45,f83c279619,
mfqbcw2hx9e8iq2mfqiwq8xn5olgusui,Entre 36 y 65 a√±os,2,Madrid,Ayudar al ecosistema,Menos de 5 minutos,Entre 3 y 5 veces,Entre 3 y 5 a la semana,A veces,No,Siempre,1 vez al d√≠a,No uso coche,No tengo mascota,,Entre 10‚Ç¨ y 40 ‚Ç¨,2023-05-16 14:12:39,2023-05-16 14:16:08,d138437319,
y4fkgd5pbg7itvvng5ky4fknlz3o0fn8,Entre 36 y 65 a√±os,3,Barcelona,Ahorrar dinero,Menos de 5 minutos,Menos de 3 veces,Entre 3 y 5 a la semana,A veces,No,Siempre,1 vez al d√≠a,Menos de 100 km,No tengo mascota,0,Menos de 10 ‚Ç¨,2023-05-16 14:13:14,2023-05-16 14:15:52,04b932524c,
gii52mmokwwh1sxdzqgii517j7wpjktw,Entre 36 y 65 a√±os,1,Segovia,Ayudar al ecosistema,Entre 5 y 10 minutos,Menos de 3 veces,Friego a mano,A veces,No,A veces,1 vez a la semana,100 - 200 km,No tengo mascota,"En plantas , 5",Entre 10‚Ç¨ y 40 ‚Ç¨,2023-05-16 14:11:46,2023-05-16 14:15:48,f37e3da995,
0w5sojuql1ptpift89r7b0w5sojwpgan,Entre 36 y 65 a√±os,2,Barcelona,Ayudar al ecosistema,Menos de 5 minutos,Entre 3 y 5 veces,Entre 3 y 5 a la semana,Siempre,No,Siempre,1 vez cada 3 d√≠as,Menos de 100 km,No tengo mascota,0,Ni idea!,2023-05-16 14:12:34,2023-05-16 14:15:41,2a40a55b3f,
kj29df96jie3kj405oms6by2p1igsc81,Entre 36 y 65 a√±os,4,Segovia,Ahorrar agua,Entre 5 y 10 minutos,Entre 3 y 5 veces,1 vez al d√≠a,A veces,No,Siempre,1 vez al d√≠a,Menos de 100 km,Menos de 50 ‚Ç¨,0,Entre 10‚Ç¨ y 40 ‚Ç¨,2023-05-16 14:12:49,2023-05-16 14:15:31,44a540f9bc,
4ukd2whpswfpnqw1o4ukdrj5btbvjxi9,Entre 18 y 35 a√±os,2,Madrid,Ahorrar agua,Entre 11 y 15 minutos,Entre 3 y 5 veces,Friego a mano,A veces,No,A veces,1 vez a la semana,No uso coche,No tengo mascota,0,Ni idea!,2023-05-16 14:12:31,2023-05-16 14:15:11,633f477e8a,
1k6ko5zx9i1dg4h4161k6ko5zjxk50sj,Entre 18 y 35 a√±os,3,Madrid,Ahorrar dinero,Entre 11 y 15 minutos,Menos de 3 veces,Friego a mano,Siempre,No,Siempre,1 vez a la semana,No uso coche,Entre 50 y 100 ‚Ç¨,0,M√°s de 40 ‚Ç¨,2023-05-16 14:11:56,2023-05-16 14:15:02,52078d9432,
lbzcf6p25b9z3z79lbzcf5k1if2u5txe,Entre 36 y 65 a√±os,3,Madrid,Ayudar al ecosistema,Entre 11 y 15 minutos,Menos de 3 veces,Friego a mano,A veces,Buena idea! Voy a probarlo!,A veces,1 vez a la semana,Menos de 100 km,No tengo mascota,0,Entre 10‚Ç¨ y 40 ‚Ç¨,2023-05-16 14:13:36,2023-05-16 14:15:01,be322635dc,
ndumoaf8smw6oi87ndumo592bz4uxhgp,Entre 36 y 65 a√±os,2,Segovia,Ayudar al ecosistema,Menos de 5 minutos,Menos de 3 veces,1 vez al d√≠a,Siempre,No,A veces,1 vez al d√≠a,100 - 200 km,Entre 50 y 100 ‚Ç¨,1000,Ni idea!,2023-05-16 14:12:59,2023-05-16 14:14:59,ecc09f857b,
tu60y5bf4lu8wjhvl9tu60yvd4dqulee,Entre 18 y 35 a√±os,2,Madrid,Ahorrar dinero,Entre 11 y 15 minutos,Menos de 3 veces,Entre 3 y 5 a la semana,A veces,No,A veces,1 vez cada 3 d√≠as,100 - 200 km,Menos de 50 ‚Ç¨,0,Entre 10‚Ç¨ y 40 ‚Ç¨,2023-05-16 14:13:08,2023-05-16 14:14:38,38c72d0cd5,
vamrc18qp8th2xnvamrwuesrbu0btxuu,Entre 36 y 65 a√±os,4,Segovia,Ahorrar agua,Entre 5 y 10 minutos,Entre 3 y 5 veces,Entre 3 y 5 a la semana,Siempre,Si,Siempre,1 vez cada 3 d√≠as,M√°s de 200 km,Menos de 50 ‚Ç¨,Tengo huerto pero cojo agua de un pozo,M√°s de 40 ‚Ç¨,2023-05-16 14:11:04,2023-05-16 14:13:55,bc2ea7796e,
jpc6i8t128k7tkpjpco9a181hrgem91p,Entre 36 y 65 a√±os,3,Madrid,Ayudar al ecosistema,Menos de 5 minutos,Entre 3 y 5 veces,Entre 3 y 5 a la semana,A veces,No,Siempre,1 vez cada 3 d√≠as,M√°s de 200 km,Entre 50 y 100 ‚Ç¨,No tiene cesped,M√°s de 40 ‚Ç¨,2023-05-16 14:09:41,2023-05-16 14:12:17,9ea8923d09,
5srur40rfc6avb95sf4uadxtcne0gk6q,Entre 36 y 65 a√±os,3,Valladolid,Ahorrar agua,Entre 11 y 15 minutos,Menos de 3 veces,Friego a mano,Siempre,Si,A veces,1 vez al d√≠a,M√°s de 200 km,No tengo mascota,0,Menos de 10 ‚Ç¨,2023-05-16 14:09:58,2023-05-16 14:11:29,96c167e8db,
67gij4jjmvyyalp7pnt67gij4jcgfzjm,Entre 36 y 65 a√±os,4,Segovia,Ahorrar agua,Menos de 5 minutos,Entre 3 y 5 veces,1 vez al d√≠a,A veces,Si,Siempre,1 vez cada 3 d√≠as,100 - 200 km,No tengo mascota,500,Ni idea!,2023-05-16 14:07:39,2023-05-16 14:10:38,76e067b681,
0i5c0v6oj4suoxyn5wh0i5c0aztvq5d8,Entre 36 y 65 a√±os,1,Segovia,Ayudar al ecosistema,Entre 5 y 10 minutos,Menos de 3 veces,Friego a mano,No sab√≠a que exist√≠a ese modo,No,Siempre,1 vez cada 3 d√≠as,Menos de 100 km,No tengo mascota,0,Entre 10‚Ç¨ y 40 ‚Ç¨,2023-05-16 14:08:41,2023-05-16 14:10:24,7c38b02a4e,
eawg3ggmful6xqeawg3mp0zguow0j41m,Entre 36 y 65 a√±os,2,Segovia,Ahorrar agua,Menos de 5 minutos,Entre 3 y 5 veces,1 vez al d√≠a,A veces,No,A veces,1 vez al d√≠a,100 - 200 km,Menos de 50 ‚Ç¨,Tengo macetas,Ni idea!,2023-05-16 14:05:57,2023-05-16 14:10:05,8609773bc4,
bnsgl2bow4hdy7lybnsgjcg5g55k0a17,Entre 18 y 35 a√±os,2,Segovia,Ahorrar agua,Entre 5 y 10 minutos,Menos de 3 veces,Entre 3 y 5 a la semana,Siempre,Si,Siempre,1 vez cada 3 d√≠as,Menos de 100 km,Menos de 50 ‚Ç¨,0,M√°s de 40 ‚Ç¨,2023-05-16 14:06:19,2023-05-16 14:08:56,ab8b357220,
665ult5ygnfd3nxywu5665ucxxry4l10,Entre 18 y 35 a√±os,3,Madrid,Ahorrar dinero,Entre 5 y 10 minutos,Entre 3 y 5 veces,Friego a mano,Siempre,No,A veces,1 vez cada 3 d√≠as,M√°s de 200 km,No tengo mascota,0,Entre 10‚Ç¨ y 40 ‚Ç¨,2023-05-16 14:06:08,2023-05-16 14:08:22,a6243a98cb,
8yy27ve182sdqivw37c8yy27vq5cne5o,Entre 36 y 65 a√±os,4,Madrid,Ayudar al ecosistema,Menos de 5 minutos,M√°s de 5,Entre 3 y 5 a la semana,Siempre,No,Siempre,1 vez al d√≠a,No uso coche,Menos de 50 ‚Ç¨,0,Entre 10‚Ç¨ y 40 ‚Ç¨,2023-05-16 14:06:23,2023-05-16 14:08:13,642ebde684,
c83fg8vkdtw8l3hydc83fg8ev3ws6uqj,Entre 18 y 35 a√±os,2,Madrid,Conocer mi huella h√≠drica,Entre 5 y 10 minutos,Menos de 3 veces,Friego a mano,Siempre,Buena idea! Voy a probarlo!,Nunca!,1 vez al d√≠a,No uso coche,Entre 50 y 100 ‚Ç¨,0,Entre 10‚Ç¨ y 40 ‚Ç¨,2023-05-16 14:05:50,2023-05-16 14:07:50,c00053b61f,
o35pyu99t1na22ey0o35py2rmxaw81ym,Entre 18 y 35 a√±os,4,Madrid,Conocer mi huella h√≠drica,Menos de 5 minutos,Entre 3 y 5 veces,Friego a mano,A veces,No,Siempre,1 vez cada 3 d√≠as,Menos de 100 km,No tengo mascota,0,Ni idea!,2023-05-16 14:01:35,2023-05-16 14:03:19,f0e80f5621,
nzgudk6moljfjfa1nzg01da373v25x2v,Entre 36 y 65 a√±os,3,Madrid,Ahorrar agua,Menos de 5 minutos,Entre 3 y 5 veces,Entre 3 y 5 a la semana,Siempre,Si,Siempre,1 vez al d√≠a,Menos de 100 km,No tengo mascota,0,Entre 10‚Ç¨ y 40 ‚Ç¨,2023-05-16 14:01:05,2023-05-16 14:02:55,4a29820985,
udundgvlavyk0y7p3zoujeudundgvz7w,Entre 36 y 65 a√±os,1,Toledo,Ahorrar agua,Menos de 5 minutos,Menos de 3 veces,Friego a mano,Siempre,Buena idea! Voy a probarlo!,Siempre,1 vez a la semana,100 - 200 km,Menos de 50 ‚Ç¨,No tengo,Entre 10‚Ç¨ y 40 ‚Ç¨,2023-05-16 14:00:16,2023-05-16 14:02:52,125e88271c,
f28ohwdxn3cuf28vpvy2omyasgbqvpvy,Entre 36 y 65 a√±os,3,√Åvila,Ahorrar dinero,Entre 5 y 10 minutos,Entre 3 y 5 veces,Entre 3 y 5 a la semana,Siempre,No,A veces,1 vez a la semana,M√°s de 200 km,No tengo mascota,0,Entre 10‚Ç¨ y 40 ‚Ç¨,2023-05-16 14:00:53,2023-05-16 14:02:24,09a70e3b87,
879kqu1w66xgyfp2zym879kq6kf74onj,Entre 18 y 35 a√±os,2,Salamanca,Conocer mi huella h√≠drica,Entre 11 y 15 minutos,Menos de 3 veces,Friego a mano,A veces,No,Siempre,1 vez cada 3 d√≠as,Menos de 100 km,Menos de 50 ‚Ç¨,0,Entre 10‚Ç¨ y 40 ‚Ç¨,2023-05-16 13:59:16,2023-05-16 14:02:10,61811d5c66,
b26vb5n2jjrvo6tjsdb26vi5iamj0pwn,Entre 18 y 35 a√±os,1,Madrid,Ayudar al ecosistema,Menos de 5 minutos,Menos de 3 veces,Entre 3 y 5 a la semana,A veces,No,Siempre,1 vez cada 3 d√≠as,No uso coche,No tengo mascota,0,Entre 10‚Ç¨ y 40 ‚Ç¨,2023-05-16 13:59:07,2023-05-16 14:01:43,53f9c4aa8f,
t5rpc6n08w26whext5rpc63e1bdp0tpx,Entre 36 y 65 a√±os,3,Madrid,Ayudar al ecosistema,Menos de 5 minutos,Menos de 3 veces,Friego a mano,Siempre,Si,Siempre,1 vez cada 3 d√≠as,No uso coche,No tengo mascota,,Entre 10‚Ç¨ y 40 ‚Ç¨,2023-05-16 13:58:19,2023-05-16 14:01:22,fb32955b07,
f96l41po73sv11m9w5f96lunwifcugxf,Entre 18 y 35 a√±os,1,Madrid,Ahorrar dinero,Entre 5 y 10 minutos,Menos de 3 veces,Entre 3 y 5 a la semana,Siempre,Si,Nunca!,1 vez cada 3 d√≠as,Menos de 100 km,No tengo mascota,40,Entre 10‚Ç¨ y 40 ‚Ç¨,2023-05-16 13:58:37,2023-05-16 13:59:59,a01c700ba1,
s2h34g851j80fuoss2h3u01csq8t6fu0,Entre 18 y 35 a√±os,1,√Ålava,Ahorrar dinero,Menos de 5 minutos,Menos de 3 veces,Friego a mano,No sab√≠a que exist√≠a ese modo,Buena idea! Voy a probarlo!,Siempre,1 vez cada 3 d√≠as,No uso coche,No tengo mascota,0,Menos de 10 ‚Ç¨,2023-05-16 13:57:57,2023-05-16 13:59:48,c9d7a9fbe7,
ui1u2s0nmo8b983dftrzui1u2s64vuf2,Mayor de 65 a√±os,3,Madrid,Ayudar al ecosistema,Entre 11 y 15 minutos,Entre 3 y 5 veces,Friego a mano,No sab√≠a que exist√≠a ese modo,Buena idea! Voy a probarlo!,A veces,1 vez cada 3 d√≠as,No uso coche,No tengo mascota,0,Entre 10‚Ç¨ y 40 ‚Ç¨,2023-05-16 13:54:02,2023-05-16 13:57:55,b245b0540c,
x7v4o3kofmjh1qpzcx7v4ofyqbl3rc2f,Entre 36 y 65 a√±os,2,Madrid,Ayudar al ecosistema,Entre 5 y 10 minutos,Menos de 3 veces,Entre 3 y 5 a la semana,Siempre,No,Siempre,1 vez cada 3 d√≠as,Menos de 100 km,No tengo mascota,0,Menos de 10 ‚Ç¨,2023-05-16 13:55:27,2023-05-16 13:57:54,a7da4d3c47,
o4qjxmhiy0f6nwcdx1o4qjag0kyojkri,Entre 36 y 65 a√±os,1,Segovia,Ayudar al ecosistema,Entre 5 y 10 minutos,Menos de 3 veces,Friego a mano,No sab√≠a que exist√≠a ese modo,No,Siempre,1 vez cada 3 d√≠as,Menos de 100 km,No tengo mascota,0,Entre 10‚Ç¨ y 40 ‚Ç¨,2023-05-16 13:55:18,2023-05-16 13:57:50,7c38b02a4e,
a5epdghom574ehxoa5epdfpzj5kdf3r9,Entre 36 y 65 a√±os,3,Madrid,Ahorrar agua,Entre 5 y 10 minutos,Menos de 3 veces,Friego a mano,Siempre,Si,Siempre,1 vez cada 3 d√≠as,Menos de 100 km,No tengo mascota,0,Ni idea!,2023-05-16 13:54:21,2023-05-16 13:56:20,ea450fd2ac,
p1v884t9v6zrj69feoep1v88g1wvfpas,Entre 36 y 65 a√±os,2,Segovia,Ahorrar dinero,Entre 5 y 10 minutos,Menos de 3 veces,Entre 3 y 5 a la semana,A veces,No,Siempre,1 vez cada 3 d√≠as,Menos de 100 km,Menos de 50 ‚Ç¨,,Entre 10‚Ç¨ y 40 ‚Ç¨,2023-05-16 13:52:53,2023-05-16 13:55:15,dbb251a9cd,
ftyznrdspfskdr0vuvtbshftyzn824l9,Entre 18 y 35 a√±os,3,Madrid,Ahorrar agua,Entre 5 y 10 minutos,Entre 3 y 5 veces,Friego a mano,Siempre,No,Siempre,1 vez a la semana,No uso coche,No tengo mascota,0,Entre 10‚Ç¨ y 40 ‚Ç¨,2023-05-16 13:52:42,2023-05-16 13:53:59,3547e90e85,
6osglw0c1kniri0xe06osglwjh82xzly,Entre 18 y 35 a√±os,4,Madrid,Ayudar al ecosistema,Entre 11 y 15 minutos,Menos de 3 veces,Friego a mano,Siempre,Si,Siempre,1 vez cada 3 d√≠as,No uso coche,No tengo mascota,0,Entre 10‚Ç¨ y 40 ‚Ç¨,2023-05-16 13:49:06,2023-05-16 13:53:40,a2c1b4b956,
6mhp0bsq5zwwtfvx6mhpc4glui6dh46z,Entre 18 y 35 a√±os,3,Madrid,Ayudar al ecosistema,Entre 5 y 10 minutos,Menos de 3 veces,Entre 3 y 5 a la semana,A veces,No,Siempre,1 vez cada 3 d√≠as,No uso coche,No tengo mascota,0,Entre 10‚Ç¨ y 40 ‚Ç¨,2023-05-16 13:50:58,2023-05-16 13:52:49,61311fe533,
cginanap2henejsylcginan5hk8okr0p,Entre 18 y 35 a√±os,2,Madrid,Ahorrar dinero,Entre 5 y 10 minutos,M√°s de 5,Friego a mano,Siempre,Si,Siempre,1 vez al d√≠a,No uso coche,Entre 50 y 100 ‚Ç¨,0,Entre 10‚Ç¨ y 40 ‚Ç¨,2023-05-16 13:51:10,2023-05-16 13:52:43,ef08e2c69e,
9duvwq88n19rn4hncd9duv7uh4a4hsoh,Entre 18 y 35 a√±os,2,Madrid,Ahorrar dinero,Entre 11 y 15 minutos,Entre 3 y 5 veces,1 vez al d√≠a,Siempre,Si,Siempre,1 vez cada 3 d√≠as,No uso coche,Entre 50 y 100 ‚Ç¨,0,M√°s de 40 ‚Ç¨,2023-05-16 13:51:32,2023-05-16 13:52:43,edfce48e62,
ipfp8hjvv5jgddipferg9zfbcsv8ixie,Entre 36 y 65 a√±os,2,Segovia,Ayudar al ecosistema,Entre 11 y 15 minutos,Menos de 3 veces,Entre 3 y 5 a la semana,Siempre,Si,Siempre,1 vez a la semana,Menos de 100 km,No tengo mascota,250,Ni idea!,2023-05-16 13:50:13,2023-05-16 13:52:33,7eef851810,
9ylld6xo3cmrpr414oa9yll3558n1vrn,Entre 18 y 35 a√±os,4,Segovia,Ayudar al ecosistema,Entre 5 y 10 minutos,Entre 3 y 5 veces,Entre 3 y 5 a la semana,Siempre,Si,A veces,1 vez al d√≠a,Menos de 100 km,Menos de 50 ‚Ç¨,10,Menos de 10 ‚Ç¨,2023-05-16 13:48:13,2023-05-16 13:50:06,1f790cb5c2,
u0kyi7nhfmo9x0wmu0kyivktqdytk8gj,Entre 18 y 35 a√±os,2,Madrid,Ahorrar dinero,Entre 5 y 10 minutos,Menos de 3 veces,Friego a mano,No sab√≠a que exist√≠a ese modo,Si,A veces,1 vez cada 3 d√≠as,100 - 200 km,No tengo mascota,0,Entre 10‚Ç¨ y 40 ‚Ç¨,2023-05-16 13:47:53,2023-05-16 13:49:39,15c7dc22f4,
q77msvkt2dpt6jq21q77msv7s97a77yq,Entre 36 y 65 a√±os,2,Segovia,Ahorrar agua,Entre 5 y 10 minutos,Menos de 3 veces,Entre 3 y 5 a la semana,Siempre,No,Siempre,1 vez cada 3 d√≠as,Menos de 100 km,No tengo mascota,100,Menos de 10 ‚Ç¨,2023-05-16 13:46:36,2023-05-16 13:48:33,8d79b05a84,
nljmud9sqsedi0fynljvnp3x3yc8klmo,Entre 18 y 35 a√±os,2,Madrid,Ahorrar dinero,Entre 11 y 15 minutos,Menos de 3 veces,Entre 3 y 5 a la semana,No sab√≠a que exist√≠a ese modo,No,Siempre,1 vez cada 3 d√≠as,Menos de 100 km,No tengo mascota,No tengo,Ni idea!,2023-05-16 13:46:44,2023-05-16 13:47:55,9c3705181b,
tio8hfqtdmhav35p7asnf36ratio8hfq,Entre 36 y 65 a√±os,3,Segovia,Ahorrar agua,Menos de 5 minutos,Entre 3 y 5 veces,1 vez al d√≠a,A veces,No,Siempre,1 vez cada 3 d√≠as,Menos de 100 km,Menos de 50 ‚Ç¨,20,M√°s de 40 ‚Ç¨,2023-05-16 13:46:20,2023-05-16 13:47:27,ed28e68030,
ugzwde8nd4uanrorengl4ugzwde8ilty,Entre 36 y 65 a√±os,3,Segovia,Ahorrar agua,Menos de 5 minutos,Menos de 3 veces,1 vez al d√≠a,Siempre,No,A veces,1 vez cada 3 d√≠as,Menos de 100 km,M√°s de 100 ‚Ç¨,0,Entre 10‚Ç¨ y 40 ‚Ç¨,2023-05-16 13:45:46,2023-05-16 13:47:19,c57c8d3b89,
cycn16tcatl3n9fcycnaygmm87xpvlri,Entre 18 y 35 a√±os,4,Madrid,Ayudar al ecosistema,Menos de 5 minutos,Menos de 3 veces,1 vez al d√≠a,A veces,Si,Siempre,1 vez al d√≠a,Menos de 100 km,Menos de 50 ‚Ç¨,0,Entre 10‚Ç¨ y 40 ‚Ç¨,2023-05-16 13:40:50,2023-05-16 13:42:57,515c84bb9f,
6eep2cqzwig8ulm622l2zwyj6eep2ca1,Entre 36 y 65 a√±os,3,Huesca,Ayudar al ecosistema,Entre 5 y 10 minutos,Menos de 3 veces,Entre 3 y 5 a la semana,Siempre,Si,Siempre,1 vez al d√≠a,No uso coche,No tengo mascota,0,Entre 10‚Ç¨ y 40 ‚Ç¨,2023-05-16 13:39:21,2023-05-16 13:42:32,8217348430,
q88n9ppercvl482er7m6q88n9pcda1d9,Entre 18 y 35 a√±os,4,Madrid,Ahorrar agua,Menos de 5 minutos,Entre 3 y 5 veces,1 vez al d√≠a,Siempre,No,Siempre,1 vez cada 3 d√≠as,100 - 200 km,No tengo mascota,0,M√°s de 40 ‚Ç¨,2023-05-16 13:32:40,2023-05-16 13:41:43,2765f59224,
k2f51j808l4r1uhsxk2f51zdr7i3xu49,Entre 36 y 65 a√±os,4,Segovia,Ahorrar agua,Entre 5 y 10 minutos,Menos de 3 veces,Friego a mano,Siempre,No,Siempre,1 vez cada 3 d√≠as,Menos de 100 km,Menos de 50 ‚Ç¨,0,Entre 10‚Ç¨ y 40 ‚Ç¨,2023-05-16 13:38:44,2023-05-16 13:41:09,6ef44718cd,
6e6vp5ytkjnn1c5eg6e6vp5ktlse8ert,Entre 36 y 65 a√±os,4,Sevilla,Ahorrar agua,Entre 5 y 10 minutos,Menos de 3 veces,Entre 3 y 5 a la semana,A veces,No,Siempre,1 vez cada 3 d√≠as,100 - 200 km,No tengo mascota,,Ni idea!,2023-05-16 13:38:26,2023-05-16 13:39:49,307e7e68d2,
vrqr3hc7nf2rvwvr882wzvm00r4t4w88,Entre 36 y 65 a√±os,1,Cuenca,Ayudar al ecosistema,Entre 5 y 10 minutos,Menos de 3 veces,Entre 3 y 5 a la semana,A veces,No,A veces,1 vez a la semana,Menos de 100 km,No tengo mascota,0,Menos de 10 ‚Ç¨,2023-05-16 13:36:21,2023-05-16 13:38:40,e31f97220d,
gxj0v1wxkfaggsj8p2gxj0v19yrkavv1,Entre 36 y 65 a√±os,3,Huesca,Conocer mi huella h√≠drica,Menos de 5 minutos,Menos de 3 veces,Entre 3 y 5 a la semana,Siempre,Buena idea! Voy a probarlo!,Siempre,1 vez al d√≠a,100 - 200 km,No tengo mascota,0,Ni idea!,2023-05-16 13:36:30,2023-05-16 13:38:26,8dea96ae8c,
5s36nc9u7bd0lqpfr5s36pk5pe0qk8sj,Menor de 18 a√±os,4,Huesca,Ahorrar agua,Entre 11 y 15 minutos,Menos de 3 veces,Friego a mano,No sab√≠a que exist√≠a ese modo,No,Siempre,1 vez al d√≠a,No uso coche,Menos de 50 ‚Ç¨,0,Ni idea!,2023-05-16 13:36:11,2023-05-16 13:37:14,2c6917dcbb,
s5k4a5hyfi9x2lv6s5k4th12gvba7iu0,Menor de 18 a√±os,4,Huesca,Ahorrar agua,Entre 11 y 15 minutos,Menos de 3 veces,Friego a mano,No sab√≠a que exist√≠a ese modo,No,Siempre,1 vez al d√≠a,No uso coche,Menos de 50 ‚Ç¨,0,Ni idea!,2023-05-16 13:34:31,2023-05-16 13:35:52,2c6917dcbb,
00alc9esm7tk2jrrtiaw00alc9eqf4l2,Entre 18 y 35 a√±os,4,Segovia,Conocer mi huella h√≠drica,Entre 5 y 10 minutos,Entre 3 y 5 veces,1 vez al d√≠a,A veces,No,Siempre,1 vez al d√≠a,No uso coche,Entre 50 y 100 ‚Ç¨,0,M√°s de 40 ‚Ç¨,2023-05-16 13:32:53,2023-05-16 13:34:36,43c5e5b9b2,
use8p52bg8gqy6j9i22fi0use8p56gpp,Entre 36 y 65 a√±os,2,Madrid,Ayudar al ecosistema,Menos de 5 minutos,Menos de 3 veces,Friego a mano,Siempre,No,Siempre,1 vez a la semana,No uso coche,No tengo mascota,0,Entre 10‚Ç¨ y 40 ‚Ç¨,2023-05-16 13:31:32,2023-05-16 13:34:17,ff181448b0,
trizi02cmskmlqlbtriz6vs80v8qecsm,Entre 36 y 65 a√±os,4,Huesca,Ahorrar agua,Entre 5 y 10 minutos,Menos de 3 veces,Friego a mano,Siempre,No,Siempre,1 vez al d√≠a,No uso coche,Menos de 50 ‚Ç¨,0,Entre 10‚Ç¨ y 40 ‚Ç¨,2023-05-16 13:32:00,2023-05-16 13:33:51,2c6917dcbb,
ruzvwoh29c89w38oruz3exfa9z41tei6,Entre 36 y 65 a√±os,2,Segovia,Ayudar al ecosistema,Entre 5 y 10 minutos,Entre 3 y 5 veces,1 vez al d√≠a,A veces,No,A veces,1 vez cada 3 d√≠as,Menos de 100 km,Entre 50 y 100 ‚Ç¨,0,Entre 10‚Ç¨ y 40 ‚Ç¨,2023-05-16 13:31:40,2023-05-16 13:33:18,32964c4160,
tm2gqj22nkl2z0f82ctm2gqjpr9t1w8k,Mayor de 65 a√±os,4,Madrid,Ayudar al ecosistema,Entre 11 y 15 minutos,Menos de 3 veces,Entre 3 y 5 a la semana,Siempre,Si,Siempre,1 vez a la semana,Menos de 100 km,No tengo mascota,0,Entre 10‚Ç¨ y 40 ‚Ç¨,2023-05-16 13:30:34,2023-05-16 13:32:34,45976f5c60,
nydb27iuviedip3m6nydb27pvifq4j4n,Entre 18 y 35 a√±os,4,Segovia,Ayudar al ecosistema,Entre 5 y 10 minutos,Menos de 3 veces,Friego a mano,Siempre,Si,Siempre,1 vez al d√≠a,M√°s de 200 km,No tengo mascota,0,Ni idea!,2023-05-16 13:28:55,2023-05-16 13:30:33,bf2dc19c45,
uw7pudx0yv8f3rx0is0uw7ppffvhnu3q,Mayor de 65 a√±os,2,Las Palmas,Ahorrar dinero,Entre 5 y 10 minutos,Entre 3 y 5 veces,Friego a mano,No sab√≠a que exist√≠a ese modo,Si,Siempre,1 vez a la semana,Menos de 100 km,No tengo mascota,0,Entre 10‚Ç¨ y 40 ‚Ç¨,2023-05-16 13:23:06,2023-05-16 13:25:55,a779e8cbb9,
m3gkg19t32mjiflq7m3gkq52s9m1w3h4,Entre 18 y 35 a√±os,1,Cantabria,Ahorrar dinero,Menos de 5 minutos,Menos de 3 veces,Friego a mano,Siempre,No,A veces,1 vez al d√≠a,Menos de 100 km,No tengo mascota,,Menos de 10 ‚Ç¨,2023-05-16 13:22:18,2023-05-16 13:23:50,ec5106cda1,
n25qplufbxylx8pn25qgeeux3s2nkor9,Entre 18 y 35 a√±os,4,Madrid,Ahorrar dinero,Entre 11 y 15 minutos,Entre 3 y 5 veces,Entre 3 y 5 a la semana,Siempre,Si,A veces,1 vez cada 3 d√≠as,Menos de 100 km,No tengo mascota,0,Ni idea!,2023-05-16 13:21:15,2023-05-16 13:22:31,af869c5e29,
bhqo722gevgrwo88wkbhqo7220h9uqay,Entre 36 y 65 a√±os,3,Madrid,Ahorrar dinero,Menos de 5 minutos,Entre 3 y 5 veces,Entre 3 y 5 a la semana,A veces,No,Siempre,1 vez a la semana,M√°s de 200 km,No tengo mascota,0,Entre 10‚Ç¨ y 40 ‚Ç¨,2023-05-16 13:18:02,2023-05-16 13:19:38,aaba437f37,
9vi8nl90t5xs77ribgxsrq5d9vi8nl90,Entre 18 y 35 a√±os,2,Segovia,Ahorrar dinero,Entre 5 y 10 minutos,Menos de 3 veces,Entre 3 y 5 a la semana,Siempre,No,Nunca!,1 vez cada 3 d√≠as,Menos de 100 km,No tengo mascota,0,Ni idea!,2023-05-16 13:17:29,2023-05-16 13:18:46,cdffe0ccf7,
7jtt4opmz6hfb419d7jttmugo9ai23ty,Entre 18 y 35 a√±os,4,Madrid,Conocer mi huella h√≠drica,Entre 11 y 15 minutos,Entre 3 y 5 veces,Entre 3 y 5 a la semana,Siempre,Si,Siempre,1 vez cada 3 d√≠as,No uso coche,No tengo mascota,0,Entre 10‚Ç¨ y 40 ‚Ç¨,2023-05-16 13:16:54,2023-05-16 13:18:36,76e0fec92c,
ivp5sc1q6ndq6i3q76rbi0eivp5sc1q6,Entre 18 y 35 a√±os,3,Madrid,Ahorrar agua,Entre 5 y 10 minutos,Entre 3 y 5 veces,Friego a mano,A veces,Buena idea! Voy a probarlo!,Siempre,1 vez al d√≠a,Menos de 100 km,No tengo mascota,0,Entre 10‚Ç¨ y 40 ‚Ç¨,2023-05-16 13:16:31,2023-05-16 13:18:09,49119ffa7b,
pfrwgnzqh6k0pc0tnfgx4d4apfrwgnnl,Entre 36 y 65 a√±os,1,Madrid,Ahorrar dinero,Entre 11 y 15 minutos,Menos de 3 veces,Friego a mano,No sab√≠a que exist√≠a ese modo,No,Nunca!,1 vez cada 3 d√≠as,No uso coche,No tengo mascota,0,Entre 10‚Ç¨ y 40 ‚Ç¨,2023-05-16 13:16:05,2023-05-16 13:17:22,b49e9d77ed,
tsrjl3b32hczn2c77ttago3tsrjl33a6,Entre 18 y 35 a√±os,4,Madrid,Ahorrar agua,Menos de 5 minutos,Entre 3 y 5 veces,1 vez al d√≠a,A veces,Si,Siempre,1 vez cada 3 d√≠as,100 - 200 km,No tengo mascota,0,Ni idea!,2023-05-16 13:13:14,2023-05-16 13:15:52,956974b499,
obas814oxkzk3ble2bobas8148qm8bm9,Entre 18 y 35 a√±os,3,Segovia,Ayudar al ecosistema,Entre 5 y 10 minutos,Menos de 3 veces,1 vez al d√≠a,No sab√≠a que exist√≠a ese modo,Buena idea! Voy a probarlo!,Siempre,1 vez al d√≠a,Menos de 100 km,No tengo mascota,0,Entre 10‚Ç¨ y 40 ‚Ç¨,2023-05-16 13:12:16,2023-05-16 13:14:47,c217ab9c97,
877ke40kzimkojo9tg4zv877ke40khia,Entre 18 y 35 a√±os,3,Madrid,Ayudar al ecosistema,Entre 5 y 10 minutos,Entre 3 y 5 veces,Entre 3 y 5 a la semana,Siempre,Si,A veces,1 vez cada 3 d√≠as,Menos de 100 km,Entre 50 y 100 ‚Ç¨,2000,Ni idea!,2023-05-16 13:10:40,2023-05-16 13:13:45,1d9c90529a,
zx9cmoe2ppzxbm67xmm02nzx9cmoellq,Entre 18 y 35 a√±os,4,Segovia,Ahorrar dinero,Entre 5 y 10 minutos,Menos de 3 veces,Friego a mano,Siempre,No,A veces,1 vez cada 3 d√≠as,M√°s de 200 km,No tengo mascota,,Menos de 10 ‚Ç¨,2023-05-16 13:11:14,2023-05-16 13:12:36,beef337c7c,
p7y1m6gg7axhqjp7y1id607r84za0itl,Entre 18 y 35 a√±os,4,Segovia,Ahorrar dinero,Entre 5 y 10 minutos,Entre 3 y 5 veces,1 vez al d√≠a,Siempre,Si,Siempre,1 vez al d√≠a,100 - 200 km,No tengo mascota,0,Ni idea!,2023-05-16 13:08:35,2023-05-16 13:10:45,92f5ee18ea,
3skyi3txosphv0o8hz8083skyi3k8m95,Entre 18 y 35 a√±os,4,Segovia,Ayudar al ecosistema,Menos de 5 minutos,Entre 3 y 5 veces,1 vez al d√≠a,A veces,No,Siempre,1 vez al d√≠a,No uso coche,No tengo mascota,0,Ni idea!,2023-05-16 13:09:13,2023-05-16 13:10:44,6a1ee1e9ed,
38et1m74dxtkub538etlitqenqzv77ej,Entre 18 y 35 a√±os,4,Segovia,Ayudar al ecosistema,Entre 11 y 15 minutos,Menos de 3 veces,Friego a mano,No sab√≠a que exist√≠a ese modo,No,A veces,1 vez cada 3 d√≠as,Menos de 100 km,Entre 50 y 100 ‚Ç¨,0,Ni idea!,2023-05-16 13:06:34,2023-05-16 13:08:44,ce40c7bbef,
h6ffvd9pvgf8742t2h6ffvdvu79a40nl,Entre 18 y 35 a√±os,4,Segovia,Ayudar al ecosistema,Entre 11 y 15 minutos,Menos de 3 veces,Entre 3 y 5 a la semana,A veces,No,Siempre,1 vez cada 3 d√≠as,No uso coche,No tengo mascota,0,Ni idea!,2023-05-16 13:06:31,2023-05-16 13:08:26,a39e3b56f2,
n4jbjzj8e7810pn4jbj1176tk2d1fws1,Entre 18 y 35 a√±os,4,Segovia,Ayudar al ecosistema,Entre 11 y 15 minutos,Menos de 3 veces,Entre 3 y 5 a la semana,Siempre,No,Siempre,1 vez al d√≠a,Menos de 100 km,Menos de 50 ‚Ç¨,0,M√°s de 40 ‚Ç¨,2023-05-16 13:06:13,2023-05-16 13:08:01,4d9102f000,
u56r6zj2b6tae4u24su56vglhxmyrnhk,Entre 18 y 35 a√±os,4,Valladolid,Ahorrar agua,Entre 5 y 10 minutos,Menos de 3 veces,Entre 3 y 5 a la semana,A veces,No,Siempre,1 vez al d√≠a,No uso coche,No tengo mascota,0,Menos de 10 ‚Ç¨,2023-05-16 13:06:18,2023-05-16 13:07:59,7fa8fdc45d,
krubekc6mvdgf2bkr5f8mzd4n9mdufm3,Entre 18 y 35 a√±os,3,Madrid,Ayudar al ecosistema,Entre 11 y 15 minutos,Entre 3 y 5 veces,Entre 3 y 5 a la semana,A veces,Si,Siempre,1 vez cada 3 d√≠as,Menos de 100 km,No tengo mascota,0,Ni idea!,2023-05-16 13:05:06,2023-05-16 13:06:40,2d5cdb4ab6,
y2gneq2gz8k8nt1438y2gneotim6tqvp,Entre 18 y 35 a√±os,4,Madrid,Ahorrar dinero,Entre 5 y 10 minutos,Entre 3 y 5 veces,Friego a mano,A veces,No,Siempre,1 vez al d√≠a,M√°s de 200 km,No tengo mascota,0,Entre 10‚Ç¨ y 40 ‚Ç¨,2023-05-16 12:36:19,2023-05-16 13:06:22,a2c1b4b956,
kshzr8qj4zutij1kl0kshzrmozit06y8,Entre 18 y 35 a√±os,5,Madrid,Ayudar al ecosistema,M√°s de 15 minutos,M√°s de 5,Entre 3 y 5 a la semana,A veces,Si,Siempre,1 vez cada 3 d√≠as,Menos de 100 km,Entre 50 y 100 ‚Ç¨,0,Ni idea!,2023-05-16 13:04:15,2023-05-16 13:06:14,5c710972e1,
hdkoanv16jaahewth2bhdkol9alnxiaj,Entre 18 y 35 a√±os,2,Pontevedra,Ahorrar dinero,Entre 5 y 10 minutos,Menos de 3 veces,Friego a mano,Siempre,Buena idea! Voy a probarlo!,Siempre,1 vez al d√≠a,100 - 200 km,No tengo mascota,0,Entre 10‚Ç¨ y 40 ‚Ç¨,2023-05-16 13:03:31,2023-05-16 13:05:14,8368068f56,
95yldtuv0vmmqnbi8ebloa3i95yldtim,Mayor de 65 a√±os,1,Cantabria,Ahorrar agua,Menos de 5 minutos,Menos de 3 veces,Entre 3 y 5 a la semana,A veces,Buena idea! Voy a probarlo!,Siempre,1 vez cada 3 d√≠as,Menos de 100 km,Menos de 50 ‚Ç¨,800,Ni idea!,2023-05-16 13:02:20,2023-05-16 13:04:32,54c165f620,
br88u8iqlftr068kbrtiut23d60h24n9,Entre 36 y 65 a√±os,4,Segovia,Ahorrar agua,Entre 5 y 10 minutos,Menos de 3 veces,Friego a mano,Siempre,No,A veces,1 vez al d√≠a,M√°s de 200 km,No tengo mascota,,Ni idea!,2023-05-16 13:00:39,2023-05-16 13:03:40,80887549ea,
9ecdplotibehpx9don9ecdpluzi6i9s1,Entre 18 y 35 a√±os,3,Segovia,Ahorrar dinero,Entre 5 y 10 minutos,Entre 3 y 5 veces,Entre 3 y 5 a la semana,Siempre,No,Nunca!,1 vez al d√≠a,100 - 200 km,Entre 50 y 100 ‚Ç¨,70,M√°s de 40 ‚Ç¨,2023-05-16 13:00:56,2023-05-16 13:02:37,688950a2bd,
vjstr1euovpu6ibvjsts78v4bgpi91uv,Entre 18 y 35 a√±os,5,Segovia,Conocer mi huella h√≠drica,Menos de 5 minutos,M√°s de 5,1 vez al d√≠a,A veces,No,Nunca!,1 vez a la semana,No uso coche,No tengo mascota,0,Ni idea!,2023-05-16 13:00:24,2023-05-16 13:02:10,690c4bdd1f,
10xtqfbkjfsdu6kazyi4ugd10xtqfimz,Entre 18 y 35 a√±os,3,Segovia,Ahorrar agua,Entre 11 y 15 minutos,Entre 3 y 5 veces,1 vez al d√≠a,Siempre,No,A veces,1 vez cada 3 d√≠as,Menos de 100 km,No tengo mascota,0,Menos de 10 ‚Ç¨,2023-05-16 12:59:37,2023-05-16 13:02:06,3351f7a99c,
ryr1g219lsc0o67h5arycn9lgd123cm2,Entre 18 y 35 a√±os,3,Toledo,Ahorrar dinero,Entre 5 y 10 minutos,Menos de 3 veces,Friego a mano,A veces,No,A veces,1 vez a la semana,No uso coche,Menos de 50 ‚Ç¨,0,Entre 10‚Ç¨ y 40 ‚Ç¨,2023-05-16 12:58:39,2023-05-16 13:00:58,fdd500a0fe,
s6vm5svgtd3uous6vm7ehi5c5i08c1p1,Entre 18 y 35 a√±os,2,Valladolid,Ahorrar agua,Entre 5 y 10 minutos,Menos de 3 veces,Friego a mano,Siempre,Si,A veces,1 vez al d√≠a,M√°s de 200 km,Entre 50 y 100 ‚Ç¨,0,Entre 10‚Ç¨ y 40 ‚Ç¨,2023-05-16 12:58:09,2023-05-16 13:00:08,5db8744717,
2cticom498avmls5r2cticke5qkd71v1,Entre 18 y 35 a√±os,2,Madrid,Conocer mi huella h√≠drica,Entre 11 y 15 minutos,Entre 3 y 5 veces,Entre 3 y 5 a la semana,Siempre,Si,Siempre,1 vez al d√≠a,No uso coche,Entre 50 y 100 ‚Ç¨,0,M√°s de 40 ‚Ç¨,2023-05-16 12:57:39,2023-05-16 12:59:45,edfce48e62,
dhqxl4981lu33ccv4dhqdp5hab6gyn9h,Entre 18 y 35 a√±os,4,Segovia,Ahorrar dinero,Entre 5 y 10 minutos,Entre 3 y 5 veces,1 vez al d√≠a,Siempre,Si,A veces,1 vez cada 3 d√≠as,100 - 200 km,No tengo mascota,0,Ni idea!,2023-05-16 12:56:22,2023-05-16 12:59:06,8cdcfb32e6,
p424bbdgiy3ncy9j9sp424b4vgy3fvej,Entre 18 y 35 a√±os,2,C√°ceres,Conocer mi huella h√≠drica,Entre 5 y 10 minutos,Menos de 3 veces,Friego a mano,No sab√≠a que exist√≠a ese modo,No,A veces,1 vez cada 3 d√≠as,Menos de 100 km,No tengo mascota,0,Entre 10‚Ç¨ y 40 ‚Ç¨,2023-05-16 12:57:21,2023-05-16 12:58:53,946030bd15,
r76zq9jfc92yj741s9ap1r76zq8i5oso,Entre 18 y 35 a√±os,1,Santa Cruz de Tenerife,Ayudar al ecosistema,Menos de 5 minutos,Menos de 3 veces,Friego a mano,A veces,No,Siempre,1 vez cada 3 d√≠as,Menos de 100 km,No tengo mascota,0,Menos de 10 ‚Ç¨,2023-05-16 12:55:40,2023-05-16 12:57:52,8ffcb52b40,
zt4eod3z9x9aokcgzt0fhhmhwi50jcs9,Entre 18 y 35 a√±os,2,Madrid,Ahorrar dinero,Entre 5 y 10 minutos,Menos de 3 veces,Entre 3 y 5 a la semana,Siempre,Buena idea! Voy a probarlo!,A veces,1 vez cada 3 d√≠as,Menos de 100 km,No tengo mascota,0,Entre 10‚Ç¨ y 40 ‚Ç¨,2023-05-16 12:56:07,2023-05-16 12:57:37,bb50ea91cb,
zkenqgjvvadhmaj01cwkbv1zkenqgjvz,Entre 18 y 35 a√±os,2,Barcelona,Ahorrar dinero,Entre 5 y 10 minutos,Menos de 3 veces,Friego a mano,Siempre,No,Siempre,1 vez al d√≠a,No uso coche,No tengo mascota,0,M√°s de 40 ‚Ç¨,2023-05-16 12:54:55,2023-05-16 12:56:28,f679334036,
eumant5j95q2y9g3wxqeumanbp7w0xnb,Entre 18 y 35 a√±os,5,Segovia,Ayudar al ecosistema,Entre 5 y 10 minutos,M√°s de 5,Entre 3 y 5 a la semana,A veces,Buena idea! Voy a probarlo!,A veces,1 vez al d√≠a,Menos de 100 km,No tengo mascota,0,Ni idea!,2023-05-16 12:54:21,2023-05-16 12:56:05,40469c88a5,
7ax6g1cajp8hpdd7q8u657ax6g1gv068,Entre 18 y 35 a√±os,3,Madrid,Ayudar al ecosistema,Entre 5 y 10 minutos,Menos de 3 veces,Friego a mano,Siempre,No,Siempre,Nunca!,No uso coche,Menos de 50 ‚Ç¨,0,Entre 10‚Ç¨ y 40 ‚Ç¨,2023-05-16 12:52:44,2023-05-16 12:54:05,14447e66e6,
o0kx9w4ig088yqe8gdzno0kx9qqmfasz,Entre 18 y 35 a√±os,2,Segovia,Ahorrar dinero,Entre 5 y 10 minutos,Menos de 3 veces,Entre 3 y 5 a la semana,A veces,No,Siempre,1 vez al d√≠a,100 - 200 km,Menos de 50 ‚Ç¨,50,Entre 10‚Ç¨ y 40 ‚Ç¨,2023-05-16 12:50:14,2023-05-16 12:53:34,ea3cd23ef6,
2qpdp3h7tchm6jjj5o8yp2qpdp3h7fz1,Entre 36 y 65 a√±os,2,Madrid,Ayudar al ecosistema,Entre 5 y 10 minutos,Entre 3 y 5 veces,Friego a mano,Siempre,No,Siempre,1 vez al d√≠a,100 - 200 km,No tengo mascota,0,Entre 10‚Ç¨ y 40 ‚Ç¨,2023-05-16 12:50:40,2023-05-16 12:52:19,0443d3f5d9,
ksuwitfshkyf3as1gat9ksuwi2k8ls2z,Entre 18 y 35 a√±os,2,Madrid,Ahorrar agua,Menos de 5 minutos,Menos de 3 veces,Entre 3 y 5 a la semana,A veces,Si,Siempre,1 vez cada 3 d√≠as,Menos de 100 km,No tengo mascota,0,Entre 10‚Ç¨ y 40 ‚Ç¨,2023-05-16 12:47:38,2023-05-16 12:49:03,aaa1e6d7da,
hdrj82mvsmh0edkf26nd44hdrj82mdej,Entre 18 y 35 a√±os,3,Gipuzkoa,Ahorrar dinero,Entre 5 y 10 minutos,Menos de 3 veces,Entre 3 y 5 a la semana,A veces,Buena idea! Voy a probarlo!,Siempre,1 vez cada 3 d√≠as,Menos de 100 km,No tengo mascota,0,Ni idea!,2023-05-16 12:43:14,2023-05-16 12:44:35,21639c9a4f,
eaas8jntuizcy76033eaas8jnb4ev8z7,Entre 36 y 65 a√±os,3,C√°diz,Ahorrar dinero,Entre 11 y 15 minutos,M√°s de 5,Friego a mano,No sab√≠a que exist√≠a ese modo,No,Nunca!,1 vez cada 3 d√≠as,No uso coche,Menos de 50 ‚Ç¨,0,M√°s de 40 ‚Ç¨,2023-05-16 12:42:22,2023-05-16 12:43:43,998dc268c0,
i4ip4bxd93vmroii4k3k6j88ani9d4fn,Entre 36 y 65 a√±os,5,Asturias,Ahorrar dinero,Entre 5 y 10 minutos,Entre 3 y 5 veces,Entre 3 y 5 a la semana,A veces,No,Siempre,1 vez cada 3 d√≠as,Menos de 100 km,No tengo mascota,0,Entre 10‚Ç¨ y 40 ‚Ç¨,2023-05-16 12:40:09,2023-05-16 12:41:47,b0a2ad4ab6,
wmgdiu9o0rabpejnxwmga4jd4hoa5w3u,Entre 36 y 65 a√±os,5,Madrid,Conocer mi huella h√≠drica,Menos de 5 minutos,Entre 3 y 5 veces,1 vez al d√≠a,A veces,Buena idea! Voy a probarlo!,Siempre,1 vez cada 3 d√≠as,100 - 200 km,Menos de 50 ‚Ç¨,60,M√°s de 40 ‚Ç¨,2023-05-16 12:37:47,2023-05-16 12:39:09,afd4f1aa30,
kikeo5ycay66lrnxbkiqaljy6zo65sky,Entre 18 y 35 a√±os,4,Madrid,Conocer mi huella h√≠drica,Entre 11 y 15 minutos,Entre 3 y 5 veces,Entre 3 y 5 a la semana,Siempre,Si,Siempre,1 vez al d√≠a,100 - 200 km,No tengo mascota,0,M√°s de 40 ‚Ç¨,2023-05-16 12:37:34,2023-05-16 12:38:55,2a4236efac,
bmyyabi2zmagxjghbmyyxkvkmyq0mirt,Entre 36 y 65 a√±os,2,Madrid,Conocer mi huella h√≠drica,Menos de 5 minutos,Menos de 3 veces,Entre 3 y 5 a la semana,A veces,Si,Siempre,1 vez a la semana,No uso coche,No tengo mascota,,Entre 10‚Ç¨ y 40 ‚Ç¨,2023-05-16 12:35:20,2023-05-16 12:36:52,640b319526,
aeql4uhhywnc0zt9ml8yf1aeql4uhgqm,Entre 18 y 35 a√±os,4,Cantabria,Ahorrar agua,Menos de 5 minutos,Entre 3 y 5 veces,Entre 3 y 5 a la semana,A veces,No,Siempre,1 vez cada 3 d√≠as,Menos de 100 km,Entre 50 y 100 ‚Ç¨,0,Menos de 10 ‚Ç¨,2023-05-16 12:34:55,2023-05-16 12:36:19,b1efe0a66f,
l05p8srdasarvb1l05p0afeq5zbenezs,Entre 18 y 35 a√±os,2,Madrid,Ahorrar dinero,Entre 5 y 10 minutos,Menos de 3 veces,Friego a mano,No sab√≠a que exist√≠a ese modo,No,Siempre,1 vez al d√≠a,No uso coche,Menos de 50 ‚Ç¨,Ojal√° tener,Ni idea!,2023-05-16 12:33:06,2023-05-16 12:35:26,23c56cd279,
jolkuol5z3mjrjtjolkuo7vx7sadp3vd,Entre 18 y 35 a√±os,5,Barcelona,Ahorrar dinero,Entre 5 y 10 minutos,Menos de 3 veces,1 vez al d√≠a,Siempre,No,Siempre,1 vez al d√≠a,No uso coche,No tengo mascota,0,Ni idea!,2023-05-16 12:32:23,2023-05-16 12:32:44,b164381b3e,
9vy19hgw5y9ng6piqmrl9vy19hgelpoy,Entre 36 y 65 a√±os,2,Madrid,Ahorrar agua,Menos de 5 minutos,Menos de 3 veces,Friego a mano,Siempre,No,Siempre,1 vez al d√≠a,No uso coche,Menos de 50 ‚Ç¨,No tengo jard√≠n,Ni idea!,2023-05-16 12:27:15,2023-05-16 12:31:51,b625a2ef15,
mbijojigdo7a4s8irhdmbijoj8zfltts,Entre 18 y 35 a√±os,1,Almer√≠a,Conocer mi huella h√≠drica,Menos de 5 minutos,Menos de 3 veces,Friego a mano,Siempre,No,Siempre,1 vez cada 3 d√≠as,Menos de 100 km,No tengo mascota,0,Entre 10‚Ç¨ y 40 ‚Ç¨,2023-05-16 12:29:48,2023-05-16 12:31:43,5e76a26e0f,
z0c6fpambpdznz0c6f3ankjyy31acshc,Entre 18 y 35 a√±os,4,Madrid,Conocer mi huella h√≠drica,Entre 11 y 15 minutos,Menos de 3 veces,Entre 3 y 5 a la semana,Siempre,No,A veces,1 vez al d√≠a,Menos de 100 km,Menos de 50 ‚Ç¨,15,M√°s de 40 ‚Ç¨,2023-05-16 12:25:51,2023-05-16 12:29:18,c6424a9b47,
f9e0l1fazzdwth9yhp962jf9e0l1bc6d,Entre 18 y 35 a√±os,2,Alicante,Ahorrar dinero,M√°s de 15 minutos,Menos de 3 veces,Friego a mano,Siempre,No,A veces,1 vez al d√≠a,Menos de 100 km,Menos de 50 ‚Ç¨,300,M√°s de 40 ‚Ç¨,2023-05-16 12:25:47,2023-05-16 12:28:29,0e6dc8eff7,
u034dhl5p6m5pq75786u034dtgffxg3n,Entre 36 y 65 a√±os,6,Madrid,Ahorrar dinero,Entre 5 y 10 minutos,M√°s de 5,1 vez al d√≠a,A veces,Buena idea! Voy a probarlo!,Siempre,1 vez al d√≠a,Menos de 100 km,No tengo mascota,500,M√°s de 40 ‚Ç¨,2023-05-16 12:24:26,2023-05-16 12:26:15,bdd7b10758,
b14jvmf08gpdq3nac587b14jvmfgzpya,Entre 36 y 65 a√±os,2,Madrid,Ayudar al ecosistema,Entre 5 y 10 minutos,Menos de 3 veces,Entre 3 y 5 a la semana,Siempre,Si,Siempre,1 vez cada 3 d√≠as,No uso coche,No tengo mascota,0,Ni idea!,2023-05-16 12:21:23,2023-05-16 12:23:26,a45bdd2b97,
dc7ekguk2p3ozslaagdc7elt79coo0mm,Entre 18 y 35 a√±os,3,Madrid,Ahorrar dinero,Menos de 5 minutos,Menos de 3 veces,Entre 3 y 5 a la semana,Siempre,Buena idea! Voy a probarlo!,Nunca!,1 vez a la semana,Menos de 100 km,No tengo mascota,0,Entre 10‚Ç¨ y 40 ‚Ç¨,2023-05-16 12:21:16,2023-05-16 12:22:58,7711dd55ab,
6203ksps0yfwg8a9o1pa6203ki6l0km9,Entre 36 y 65 a√±os,4,Madrid,Ahorrar agua,Menos de 5 minutos,Menos de 3 veces,1 vez al d√≠a,A veces,No,Siempre,1 vez al d√≠a,100 - 200 km,Menos de 50 ‚Ç¨,0,M√°s de 40 ‚Ç¨,2023-05-16 12:13:11,2023-05-16 12:14:50,29d98276ec,
k3e31lbk5hjcmk3e31dpvb2bpc4zdt2p,Entre 18 y 35 a√±os,3,Segovia,Conocer mi huella h√≠drica,Entre 5 y 10 minutos,Entre 3 y 5 veces,1 vez al d√≠a,Siempre,No,A veces,1 vez al d√≠a,No uso coche,M√°s de 100 ‚Ç¨,0,Ni idea!,2023-05-16 12:12:11,2023-05-16 12:14:02,e1db8f4559,
0kww5cgpkwam0680kw700kqjcmge604p,Entre 36 y 65 a√±os,1,Madrid,Ahorrar dinero,Entre 5 y 10 minutos,Entre 3 y 5 veces,Friego a mano,No sab√≠a que exist√≠a ese modo,Si,Siempre,1 vez al d√≠a,Menos de 100 km,Entre 50 y 100 ‚Ç¨,10,Entre 10‚Ç¨ y 40 ‚Ç¨,2023-05-16 12:12:28,2023-05-16 12:13:50,d52280bf73,
nvbk1igsw6t32snt9qgj6f52gnvbk1ig,Entre 36 y 65 a√±os,4,Madrid,Ahorrar dinero,M√°s de 15 minutos,Entre 3 y 5 veces,Entre 3 y 5 a la semana,A veces,No,A veces,1 vez cada 3 d√≠as,Menos de 100 km,No tengo mascota,0,M√°s de 40 ‚Ç¨,2023-05-16 12:10:12,2023-05-16 12:11:42,8b3f9f9244,
816n2q82joo2uh3j4d1k816n2r9wbbv7,Mayor de 65 a√±os,1,A Coru√±a,Conocer mi huella h√≠drica,Entre 11 y 15 minutos,M√°s de 5,Friego a mano,A veces,Buena idea! Voy a probarlo!,Siempre,1 vez a la semana,M√°s de 200 km,M√°s de 100 ‚Ç¨,100,Entre 10‚Ç¨ y 40 ‚Ç¨,2023-05-16 12:08:47,2023-05-16 12:10:04,5e772b3477,
7x1qng5kvkuh27b7x1q2151il5mmbwuq,Entre 36 y 65 a√±os,4,Madrid,Ahorrar agua,Entre 5 y 10 minutos,Entre 3 y 5 veces,Entre 3 y 5 a la semana,A veces,No,Siempre,1 vez al d√≠a,Menos de 100 km,No tengo mascota,0,Ni idea!,2023-05-16 12:07:19,2023-05-16 12:09:09,ba62a97a55,
kgfkzrwdifwp7fn4vkgeh1tfdwhq2kws,Entre 36 y 65 a√±os,5,Madrid,Ahorrar dinero,Menos de 5 minutos,M√°s de 5,Entre 3 y 5 a la semana,No sab√≠a que exist√≠a ese modo,No,Nunca!,1 vez a la semana,100 - 200 km,No tengo mascota,0,Entre 10‚Ç¨ y 40 ‚Ç¨,2023-05-16 12:06:05,2023-05-16 12:07:51,6c0089c4f9,
tvr4w2o8fmyit3j8sztvr4w23gxxfx5x,Entre 18 y 35 a√±os,3,Madrid,Conocer mi huella h√≠drica,Entre 11 y 15 minutos,Menos de 3 veces,Entre 3 y 5 a la semana,A veces,Buena idea! Voy a probarlo!,A veces,1 vez al d√≠a,M√°s de 200 km,Entre 50 y 100 ‚Ç¨,0,Entre 10‚Ç¨ y 40 ‚Ç¨,2023-05-16 11:57:31,2023-05-16 12:02:52,adc183527a,
fgwwabxkti6hvs1bjn7fgwwabxph7zmr,Entre 18 y 35 a√±os,4,Madrid,Ahorrar dinero,Entre 5 y 10 minutos,Entre 3 y 5 veces,Friego a mano,A veces,No,Siempre,1 vez al d√≠a,M√°s de 200 km,No tengo mascota,0,Entre 10‚Ç¨ y 40 ‚Ç¨,2023-05-16 11:54:03,2023-05-16 11:59:24,a2c1b4b956,
hf2ao9dlukff34la4whf2i5ff9a7ggyp,Entre 36 y 65 a√±os,5,Madrid,Ahorrar dinero,Entre 11 y 15 minutos,Entre 3 y 5 veces,Friego a mano,A veces,No,A veces,1 vez cada 3 d√≠as,No uso coche,No tengo mascota,0,M√°s de 40 ‚Ç¨,2023-05-16 11:52:27,2023-05-16 11:54:36,adc183527a,
9livq7vwonyycy9livq78hsu1lrh0sui,,,A Coru√±a,Ahorrar dinero,Entre 5 y 10 minutos,Menos de 3 veces,1 vez al d√≠a,A veces,No,Siempre,1 vez cada 3 d√≠as,M√°s de 200 km,M√°s de 100 ‚Ç¨,,,2023-05-15 18:32:24,2023-05-15 18:36:08,c0b7876eaf,
fdxhp3nq3athhd2hfdjhis7w5bbpno8m,,,Albacete,Ahorrar dinero,Entre 5 y 10 minutos,Entre 3 y 5 veces,Friego a mano,No sab√≠a que exist√≠a ese modo,No,Nunca!,1 vez a la semana,100 - 200 km,Entre 50 y 100 ‚Ç¨,,,2023-05-15 18:22:50,2023-05-15 18:24:44,c0b7876eaf,
